{
  "manifest": {
    "publishingInformation": {
      "locales": {
        "en-US": {
          "summary": "Home automation with Arduino",
          "examplePhrases": [
            "Alexa, open Little Door",
            "zap on",
            "video off"
          ],
          "keywords": [
            "zap",
            "video",
            "router"
          ],
          "name": "Little Door",
          "description": "Home automation with Arduino video zapping",
          "smallIconUri": "file://assets/images/en-US_smallIconUri.png",
          "updatesDescription": "Little Door",
          "largeIconUri": "file://assets/images/en-US_largeIconUri.png"
        }
      },
      "automaticDistribution": {
        "isActive": false
      },
      "isAvailableWorldwide": true,
      "testingInstructions": "{\"ask_dist_username\":\"\",\"ask_dist_password\":\"\",\"ask_dist_testing_instructions\":\"Sample Testing Instructions.\"}",
      "category": "EDUCATION_AND_REFERENCE",
      "distributionMode": "PUBLIC",
      "distributionCountries": []
    },
    "apis": {
      "custom": {
        "endpoint": {
          "uri": "arn:aws:lambda:us-east-1:762592374029:function:62e932f3-b320-41c8-a69f-d482ed62b218:Release_0"
        },
        "interfaces": [],
        "locales": {},
        "regions": {
          "EU": {
            "endpoint": {
              "uri": "arn:aws:lambda:eu-west-1:762592374029:function:62e932f3-b320-41c8-a69f-d482ed62b218:Release_0"
            }
          },
          "NA": {
            "endpoint": {
              "uri": "arn:aws:lambda:us-east-1:762592374029:function:62e932f3-b320-41c8-a69f-d482ed62b218:Release_0"
            }
          },
          "FE": {
            "endpoint": {
              "uri": "arn:aws:lambda:us-west-2:762592374029:function:62e932f3-b320-41c8-a69f-d482ed62b218:Release_0"
            }
          }
        }
      }
    },
    "manifestVersion": "1.0",
    "permissions": [
      {
        "name": "alexa::devices:all:address:full:read"
      },
      {
        "name": "alexa::profile:name:read"
      }
    ],
    "privacyAndCompliance": {
      "allowsPurchases": false,
      "locales": {
        "en-US": {}
      },
      "containsAds": false,
      "isExportCompliant": true,
      "isChildDirected": false,
      "shoppingKit": {
        "isShoppingActionsEnabled": false,
        "isAmazonAssociatesOnAlexaEnabled": false
      },
      "usesPersonalInfo": false
    }
  }
}