[{"id":"4a7df0c1065e53b2","type":"group","z":"f1988a2794fd0fbf","name":"Text","style":{"label":true},"nodes":["812304460a412a6a","7535e115314c8cce"],"x":34,"y":39,"w":412,"h":82},{"id":"812304460a412a6a","type":"ui_text","z":"f1988a2794fd0fbf","g":"4a7df0c1065e53b2","group":"b007859f7b041949","order":0,"width":0,"height":0,"name":"","label":"Temperature","format":"{{msg.payload.toFixed(2) + \" °C\"}}","layout":"row-spread","x":350,"y":80,"wires":[]},{"id":"7535e115314c8cce","type":"inject","z":"f1988a2794fd0fbf","g":"4a7df0c1065e53b2","name":"","props":[{"p":"payload"},{"p":"topic","vt":"str"}],"repeat":"","crontab":"","once":true,"onceDelay":0.1,"topic":"","payload":"5.12345","payloadType":"num","x":140,"y":80,"wires":[["812304460a412a6a"]]},{"id":"b007859f7b041949","type":"ui_group","name":"Function","tab":"c16b14bf1dceba15","order":1,"disp":true,"width":"6","collapse":false},{"id":"c16b14bf1dceba15","type":"ui_tab","name":"Text","icon":"dashboard","order":1,"disabled":false,"hidden":false}]