[
    {
        "id": "3a30d8c805b531b3",
        "type": "group",
        "z": "f6f2187d.f17ca8",
        "name": "Template Switch Style",
        "style": {
            "label": true
        },
        "nodes": [
            "18a14d2495dfa954",
            "b7ca859dda1a4f6c",
            "81517dc5ee5f03e8"
        ],
        "x": 74,
        "y": 39,
        "w": 392,
        "h": 142
    },
    {
        "id": "18a14d2495dfa954",
        "type": "ui_switch",
        "z": "f6f2187d.f17ca8",
        "g": "3a30d8c805b531b3",
        "name": "",
        "label": "switch",
        "tooltip": "",
        "group": "69181bb2f8f4e49c",
        "order": 0,
        "width": 0,
        "height": 0,
        "passthru": true,
        "decouple": "false",
        "topic": "topic",
        "topicType": "msg",
        "style": "",
        "onvalue": "true",
        "onvalueType": "bool",
        "onicon": "",
        "oncolor": "",
        "offvalue": "false",
        "offvalueType": "bool",
        "officon": "",
        "offcolor": "",
        "animate": false,
        "className": "sw1",
        "x": 150,
        "y": 80,
        "wires": [
            [
                "81517dc5ee5f03e8"
            ]
        ]
    },
    {
        "id": "b7ca859dda1a4f6c",
        "type": "ui_template",
        "z": "f6f2187d.f17ca8",
        "g": "3a30d8c805b531b3",
        "group": "69181bb2f8f4e49c",
        "name": "",
        "order": 1,
        "width": 0,
        "height": 0,
        "format": "<style>\n    .sw1 {\n        background-color : rgb(0, 255, 0) !important;\n        /*\n        Custom CSS for the parent container\n        */\n    }\n    \n    .sw1 > p {\n        color : rgb(255, 0 ,0) !important;\n        /*\n        Custom CSS for the p tag inside the parent (sw1)\n        */\n    }\n</style>",
        "storeOutMessages": true,
        "fwdInMessages": true,
        "resendOnRefresh": true,
        "templateScope": "local",
        "className": "",
        "x": 160,
        "y": 140,
        "wires": [
            []
        ]
    },
    {
        "id": "81517dc5ee5f03e8",
        "type": "ui_toast",
        "z": "f6f2187d.f17ca8",
        "g": "3a30d8c805b531b3",
        "position": "top right",
        "displayTime": "3",
        "highlight": "green",
        "sendall": true,
        "outputs": 0,
        "ok": "OK",
        "cancel": "",
        "raw": false,
        "className": "",
        "topic": "Action",
        "name": "",
        "x": 350,
        "y": 80,
        "wires": []
    },
    {
        "id": "69181bb2f8f4e49c",
        "type": "ui_group",
        "name": "Style",
        "tab": "b18e89da76b8c5a1",
        "order": 1,
        "disp": true,
        "width": "6",
        "collapse": false,
        "className": ""
    },
    {
        "id": "b18e89da76b8c5a1",
        "type": "ui_tab",
        "name": "Template",
        "icon": "dashboard",
        "order": 1,
        "disabled": false,
        "hidden": false
    }
]