[
    {
        "id": "8b6a55fae82e4556",
        "type": "group",
        "z": "f6f2187d.f17ca8",
        "name": "Template Slider Style",
        "style": {
            "label": true
        },
        "nodes": [
            "1d3be2d7e5dbc7b0",
            "477a49036fc81304",
            "228b7aa88f895b44"
        ],
        "x": 54,
        "y": 39,
        "w": 412,
        "h": 142
    },
    {
        "id": "1d3be2d7e5dbc7b0",
        "type": "ui_slider",
        "z": "f6f2187d.f17ca8",
        "g": "8b6a55fae82e4556",
        "name": "",
        "label": "slider",
        "tooltip": "",
        "group": "d801ae58e8cf849c",
        "order": 0,
        "width": 0,
        "height": 0,
        "passthru": true,
        "outs": "end",
        "topic": "topic",
        "topicType": "msg",
        "min": 0,
        "max": 10,
        "step": 1,
        "className": "sl1",
        "x": 130,
        "y": 80,
        "wires": [
            [
                "228b7aa88f895b44"
            ]
        ]
    },
    {
        "id": "477a49036fc81304",
        "type": "ui_template",
        "z": "f6f2187d.f17ca8",
        "g": "8b6a55fae82e4556",
        "group": "d801ae58e8cf849c",
        "name": "",
        "order": 1,
        "width": 0,
        "height": 0,
        "format": "<style>\n    .sl1 {\n        background-color : rgb(0, 255, 0) !important;\n        /*\n        Custom CSS for the parent tag\n        */\n    }\n    \n    .sl1 > p {\n        color: rgb(255, 0, 0) !important;\n        /*\n        Custom CSS for the p tag in the parent (sl1)\n        */\n    }\n    \n    .sl1 > md-slider {\n        background-color: rgb(0, 0, 255) !important;\n        /*\n        Custom CSS for the md-slider inside the parent (sl1)\n        */\n    }\n</style>",
        "storeOutMessages": true,
        "fwdInMessages": true,
        "resendOnRefresh": true,
        "templateScope": "local",
        "className": "",
        "x": 140,
        "y": 140,
        "wires": [
            []
        ]
    },
    {
        "id": "228b7aa88f895b44",
        "type": "ui_toast",
        "z": "f6f2187d.f17ca8",
        "g": "8b6a55fae82e4556",
        "position": "top right",
        "displayTime": "3",
        "highlight": "green",
        "sendall": true,
        "outputs": 0,
        "ok": "OK",
        "cancel": "",
        "raw": false,
        "className": "",
        "topic": "Action",
        "name": "",
        "x": 350,
        "y": 80,
        "wires": []
    },
    {
        "id": "d801ae58e8cf849c",
        "type": "ui_group",
        "name": "Style",
        "tab": "14edd01037118f68",
        "order": 1,
        "disp": true,
        "width": "6",
        "collapse": false,
        "className": ""
    },
    {
        "id": "14edd01037118f68",
        "type": "ui_tab",
        "name": "Template",
        "icon": "dashboard",
        "order": 1,
        "disabled": false,
        "hidden": false
    }
]