[
    {
        "id": "2955089a8ccec31b",
        "type": "group",
        "z": "f6f2187d.f17ca8",
        "name": "Template Form Style",
        "style": {
            "label": true
        },
        "nodes": [
            "6025302fda275191",
            "5750c77dd790ab3d",
            "6e2c4b26d3eaf42f"
        ],
        "x": 474,
        "y": 159,
        "w": 432,
        "h": 142
    },
    {
        "id": "6025302fda275191",
        "type": "ui_form",
        "z": "f6f2187d.f17ca8",
        "g": "2955089a8ccec31b",
        "name": "",
        "label": "",
        "group": "4a70a8f24014668d",
        "order": 0,
        "width": 0,
        "height": 0,
        "options": [
            {
                "label": "Text",
                "value": "Text",
                "type": "text",
                "required": true,
                "rows": null
            },
            {
                "label": "Number",
                "value": "Number",
                "type": "number",
                "required": false,
                "rows": null
            }
        ],
        "formValue": {
            "Text": "",
            "Number": ""
        },
        "payload": "",
        "submit": "submit",
        "cancel": "cancel",
        "topic": "topic",
        "topicType": "msg",
        "splitLayout": "",
        "className": "form1",
        "x": 550,
        "y": 200,
        "wires": [
            [
                "5750c77dd790ab3d"
            ]
        ]
    },
    {
        "id": "5750c77dd790ab3d",
        "type": "ui_toast",
        "z": "f6f2187d.f17ca8",
        "g": "2955089a8ccec31b",
        "position": "top right",
        "displayTime": "3",
        "highlight": "green",
        "sendall": true,
        "outputs": 0,
        "ok": "OK",
        "cancel": "",
        "raw": false,
        "className": "",
        "topic": "Action",
        "name": "",
        "x": 790,
        "y": 200,
        "wires": []
    },
    {
        "id": "6e2c4b26d3eaf42f",
        "type": "ui_template",
        "z": "f6f2187d.f17ca8",
        "g": "2955089a8ccec31b",
        "group": "4a70a8f24014668d",
        "name": "",
        "order": 1,
        "width": 0,
        "height": 0,
        "format": "<style>\n    .form1 {\n        background-color: rgb(0, 255, 0) !important;\n        /*\n        Custom CSS for the Parent Card (from1)\n        */\n    }\n    \n    .form1 > form > .form-control > button {\n        background-color: rgb(255, 0, 0) !important;\n        /*\n        Custom CSS for the submit & cancel button in the parent (form1)\n  /*\n    }\n</style>",
        "storeOutMessages": true,
        "fwdInMessages": true,
        "resendOnRefresh": true,
        "templateScope": "local",
        "className": "",
        "x": 560,
        "y": 260,
        "wires": [
            []
        ]
    },
    {
        "id": "4a70a8f24014668d",
        "type": "ui_group",
        "name": "Style",
        "tab": "a46fd0520f502dce",
        "order": 1,
        "disp": true,
        "width": "6",
        "collapse": false,
        "className": ""
    },
    {
        "id": "a46fd0520f502dce",
        "type": "ui_tab",
        "name": "Template",
        "icon": "dashboard",
        "order": 1,
        "disabled": false,
        "hidden": false
    }
]
